-- phpMyAdmin SQL Dump
-- version 4.9.0.1
-- https://www.phpmyadmin.net/
--
-- Host: 127.0.0.1
-- Generation Time: Sep 12, 2019 at 03:13 AM
-- Server version: 10.3.16-MariaDB
-- PHP Version: 7.3.7

SET SQL_MODE = "NO_AUTO_VALUE_ON_ZERO";
SET AUTOCOMMIT = 0;
START TRANSACTION;
SET time_zone = "+00:00";


/*!40101 SET @OLD_CHARACTER_SET_CLIENT=@@CHARACTER_SET_CLIENT */;
/*!40101 SET @OLD_CHARACTER_SET_RESULTS=@@CHARACTER_SET_RESULTS */;
/*!40101 SET @OLD_COLLATION_CONNECTION=@@COLLATION_CONNECTION */;
/*!40101 SET NAMES utf8mb4 */;

--
-- Database: `stock`
--

-- --------------------------------------------------------

--
-- Table structure for table `brands`
--

CREATE TABLE `brands` (
  `brand_id` int(11) NOT NULL,
  `brand_name` varchar(255) NOT NULL,
  `brand_active` int(11) NOT NULL DEFAULT 0,
  `brand_status` int(11) NOT NULL DEFAULT 0
) ENGINE=InnoDB DEFAULT CHARSET=latin1;

--
-- Dumping data for table `brands`
--

INSERT INTO `brands` (`brand_id`, `brand_name`, `brand_active`, `brand_status`) VALUES
(1, 'M.N.B', 1, 1);

-- --------------------------------------------------------

--
-- Table structure for table `categories`
--

CREATE TABLE `categories` (
  `categories_id` int(11) NOT NULL,
  `categories_name` varchar(255) NOT NULL,
  `categories_active` int(11) NOT NULL DEFAULT 0,
  `categories_status` int(11) NOT NULL DEFAULT 0
) ENGINE=InnoDB DEFAULT CHARSET=latin1;

--
-- Dumping data for table `categories`
--

INSERT INTO `categories` (`categories_id`, `categories_name`, `categories_active`, `categories_status`) VALUES
(1, 'First Class', 1, 1),
(2, 'Second Class', 1, 1),
(3, 'Third Class', 1, 1),
(4, 'Picked Brick', 1, 1),
(5, 'Rubbish', 1, 1),
(24, 'ajaira', 1, 2),
(25, 'First class', 1, 2),
(26, 'extra', 1, 2);

-- --------------------------------------------------------

--
-- Table structure for table `credit`
--

CREATE TABLE `credit` (
  `credit_id` int(11) NOT NULL,
  `date` date NOT NULL,
  `credit_type` varchar(255) DEFAULT NULL,
  `amount` varchar(255) NOT NULL
) ENGINE=InnoDB DEFAULT CHARSET=latin1;

--
-- Dumping data for table `credit`
--

INSERT INTO `credit` (`credit_id`, `date`, `credit_type`, `amount`) VALUES
(46, '2017-10-23', 'due_pay', '78.00'),
(47, '2017-10-23', 'qq', '100'),
(48, '2017-10-23', 'due_pay', '10'),
(49, '2019-09-02', 'ygihp', '12563'),
(50, '2019-09-17', 'jakat', '500'),
(51, '2019-09-15', 'buy', '3000'),
(52, '2019-09-06', 'due_pay', '300.00'),
(53, '2019-09-06', 'due_pay', '16049.00'),
(54, '2019-09-06', 'due_pay', '100'),
(55, '2019-09-06', 'due_pay', '67'),
(56, '2019-09-07', 'sale Bricks', '100000'),
(57, '2019-09-07', 'sales', '20000'),
(58, '2019-09-08', 'sale first class 1000', '7000'),
(59, '2019-09-08', 'due_pay', '51'),
(60, '2019-09-08', 'ajaira', '2000'),
(61, '2019-09-09', 'sale', '2000'),
(62, '2019-09-08', 'sale', '100000'),
(63, '2019-09-08', 'due_pay', '500.00'),
(64, '2019-09-08', 'due_pay', '3000'),
(65, '2019-09-10', 'ju', '2000'),
(66, '2019-09-10', 'asa', '5000'),
(67, '2019-09-10', 'golalu', '4000'),
(68, '2019-09-09', 'alu', '800'),
(69, '2019-09-08', 'due_pay', '59'),
(70, '2019-09-08', 'due_pay', '20'),
(71, '2019-09-08', 'due_pay', '20'),
(72, '2019-09-08', 'due_pay', '15'),
(73, '2019-09-08', 'due_pay', '25'),
(74, '2019-09-09', 'due_pay', '300.00'),
(75, '2019-09-09', 'due_pay', '27'),
(76, '2019-09-09', 'due_pay', '400'),
(77, '2019-09-09', 'due_pay', '100'),
(78, '2019-09-09', 'due_pay', '3000.00'),
(79, '2019-09-09', 'due_pay', '100'),
(80, '2019-09-09', 'due_pay', '500'),
(81, '2019-09-09', 'sale', '100000'),
(82, '2019-09-10', 'due_pay', '51');

-- --------------------------------------------------------

--
-- Table structure for table `debit`
--

CREATE TABLE `debit` (
  `debit_id` int(11) NOT NULL,
  `date` date NOT NULL,
  `debit_type` varchar(255) NOT NULL,
  `debit_amount` varchar(255) NOT NULL
) ENGINE=InnoDB DEFAULT CHARSET=latin1;

--
-- Dumping data for table `debit`
--

INSERT INTO `debit` (`debit_id`, `date`, `debit_type`, `debit_amount`) VALUES
(1, '2017-10-23', 'others', '100'),
(2, '2017-10-23', 'others', '200'),
(3, '2017-10-23', 'aa', '100'),
(4, '2019-09-02', 'sals', '20000'),
(5, '2019-09-07', 'fggd', '542'),
(6, '2019-09-07', 'Wage daily', '20000'),
(7, '2019-09-08', 'buy coal 1ton', '4000'),
(8, '2019-09-08', 'wage bill', '1500'),
(9, '2019-09-08', 'fuel', '5000'),
(10, '2019-09-08', 'gf', '40'),
(11, '2019-09-09', 'fuel', '10000'),
(12, '2019-09-09', 'coal', '5000');

-- --------------------------------------------------------

--
-- Table structure for table `employee`
--

CREATE TABLE `employee` (
  `id` int(10) NOT NULL,
  `img` varchar(255) NOT NULL,
  `name` varchar(20) NOT NULL,
  `desig` varchar(20) NOT NULL,
  `contact` int(11) NOT NULL,
  `dep` varchar(20) NOT NULL,
  `salary` int(10) NOT NULL,
  `Join_dt` date NOT NULL
) ENGINE=InnoDB DEFAULT CHARSET=latin1;

--
-- Dumping data for table `employee`
--

INSERT INTO `employee` (`id`, `img`, `name`, `desig`, `contact`, `dep`, `salary`, `Join_dt`) VALUES
(19, '', 'younus', 'Teacher', 1783135348, 'cmt', 15000, '2019-09-07');

-- --------------------------------------------------------

--
-- Table structure for table `orders`
--

CREATE TABLE `orders` (
  `order_id` int(11) NOT NULL,
  `order_date` date NOT NULL,
  `client_name` varchar(255) NOT NULL,
  `client_contact` varchar(255) NOT NULL,
  `sub_total` varchar(255) NOT NULL,
  `vat` varchar(255) NOT NULL,
  `total_amount` varchar(255) NOT NULL,
  `discount` varchar(255) NOT NULL,
  `grand_total` varchar(255) NOT NULL,
  `paid` varchar(255) NOT NULL,
  `due` varchar(255) NOT NULL,
  `payment_type` int(11) NOT NULL,
  `payment_status` int(11) NOT NULL,
  `order_status` int(11) NOT NULL DEFAULT 0
) ENGINE=InnoDB DEFAULT CHARSET=latin1;

--
-- Dumping data for table `orders`
--

INSERT INTO `orders` (`order_id`, `order_date`, `client_name`, `client_contact`, `sub_total`, `vat`, `total_amount`, `discount`, `grand_total`, `paid`, `due`, `payment_type`, `payment_status`, `order_status`) VALUES
(51, '2017-10-23', 'shafiq', '111', '336.00', '0.00', '336.00', '0', '336.00', '336', '0', 0, 3, 2),
(52, '2017-10-23', 'a', '1', '33.00', '0.00', '33.00', '1', '32.00', '32', '0', 0, 3, 2),
(53, '2017-10-23', 'q', 'q', '100.00', '0.00', '100.00', '0', '100.00', '100', '0', 0, 3, 1),
(54, '2019-08-20', 'younus', '01783135348', '17883.00', '0.00', '17883.00', '600', '17283.00', '17283', '0', 0, 3, 1),
(55, '2019-08-18', 'tarun', '065568934', '678.00', '0.00', '678.00', '00', '678.00', '123', '555.00', 2, 3, 1),
(56, '2019-08-19', 'yeakub', '063583457', '6507.00', '0.00', '6507.00', '678', '5829.00', '5829', '0', 0, 3, 1),
(57, '2019-08-19', 'yeakub', '063583457', '6507.00', '0.00', '6507.00', '678', '5829.00', '5829', '0', 0, 3, 1),
(58, '2019-08-19', 'yeakub', '063583457', '6507.00', '0.00', '6507.00', '678', '5829.00', '5829', '0', 0, 3, 1),
(59, '2019-08-19', 'yeakub', '063583457', '6507.00', '0.00', '6507.00', '678', '5829.00', '5678', '151.00', 2, 2, 1),
(60, '2019-08-19', 'yeakub', '063583457', '6507.00', '0.00', '6507.00', '678', '5829.00', '5678', '151.00', 2, 2, 1),
(61, '2019-08-19', 'yeakub', '063583457', '6507.00', '0.00', '6507.00', '678', '5829.00', '5678', '151.00', 2, 2, 1),
(62, '2019-08-19', 'yeakub', '063583457', '6507.00', '0.00', '6507.00', '678', '5829.00', '5678', '151.00', 2, 2, 1),
(63, '2019-08-19', 'yeakub', '063583457', '6507.00', '0.00', '6507.00', '678', '5829.00', '5678', '151.00', 2, 2, 1),
(64, '2019-08-19', 'yeakub', '098643', '789.00', '0.00', '789.00', '67', '722.00', '678', '44.00', 2, 2, 1),
(65, '2019-08-20', 'xxxx', '01634898', '2367.00', '0.00', '2367.00', '0', '2367.00', '2067', '300', 0, 2, 1),
(66, '2019-08-29', 'tarun', '0178342567', '1845.00', '0.00', '1845.00', '230', '1615.00', '789', '826.00', 3, 2, 1),
(67, '2019-08-29', 'tarun', '0178342567', '1845.00', '0.00', '1845.00', '230', '1615.00', '789', '826.00', 3, 2, 1),
(68, '2019-08-29', 'tarun', '0178342567', '1845.00', '0.00', '1845.00', '230', '1615.00', '789', '826.00', 3, 2, 1),
(69, '2019-08-29', 'tarun', '0178342567', '1845.00', '0.00', '1845.00', '230', '1615.00', '789', '826.00', 3, 2, 1),
(70, '2019-08-29', 'tarun', '0178342567', '1845.00', '0.00', '1845.00', '230', '1615.00', '789', '826.00', 3, 2, 1),
(71, '2019-08-29', 'tarun', '0178342567', '1845.00', '0.00', '1845.00', '230', '1615.00', '789', '826.00', 3, 2, 1),
(72, '2019-08-29', 'tarun', '0178342567', '1845.00', '0.00', '1845.00', '230', '1615.00', '789', '826.00', 3, 2, 1),
(73, '2019-08-29', 'tarun', '0178342567', '1845.00', '0.00', '1845.00', '230', '1615.00', '789', '826.00', 3, 2, 1),
(74, '2019-08-29', 'khh', '6579880', '2829.00', '0.00', '2829.00', '0', '2829.00', '2829', '0.00', 2, 3, 1),
(75, '2019-08-29', 'khh', '6579880', '2829.00', '0.00', '2829.00', '0', '2829.00', '2829', '0.00', 2, 3, 1),
(76, '2019-08-29', 'khh', '6579880', 'NaN', 'NaN', 'NaN', '0', 'NaN', '2829', 'NaN', 2, 3, 1),
(77, '2019-08-29', 'ggkjjhlk', '9088', '123.00', '0.00', '123.00', '0', '123.00', '123', '0.00', 2, 3, 1),
(78, '2019-09-02', 'Tajmul ', '01783135348', '650.00', '0.00', '650.00', '0', '650.00', '650', '0.00', 2, 3, 1),
(79, '2019-09-02', 'raihan', '01789135622', '1300.00', '0.00', '1300.00', '0', '1300.00', '1300', '0.00', 2, 3, 1),
(80, '2019-09-02', 'raihan', '01789135622', '1300.00', '0.00', '1300.00', '0', '1300.00', '1300', '0.00', 2, 3, 1),
(81, '2019-09-02', 'raihan', '01789135622', '1300.00', '0.00', '1300.00', '0', '1300.00', '1300', '0.00', 2, 3, 1),
(82, '2019-09-02', 'raihan', '01789135622', '1300.00', '0.00', '1300.00', '0', '1300.00', '1300', '0.00', 2, 3, 1),
(83, '2019-09-02', 'raihan', '01789135622', '1300.00', '0.00', '1300.00', '0', '1300.00', '1300', '0.00', 2, 3, 1),
(84, '2019-09-02', 'raihan', '01789135622', '1300.00', '0.00', '1300.00', '0', '1300.00', '1300', '0.00', 2, 3, 1),
(85, '2019-09-02', 'raihan', '01789135622', '1300.00', '0.00', '1300.00', '0', '1300.00', '1300', '0.00', 2, 3, 1),
(86, '2019-09-02', 'atik', '01789215', '1000.00', '0.00', '1000.00', '0', '1000.00', '1000', '0.00', 2, 3, 1),
(87, '2019-09-02', 'ggghg', '234566', '2000.00', '0.00', '2000.00', '0', '2000.00', '2000', '0.00', 2, 3, 1),
(88, '2019-09-02', 'fdgh', '012+95', '456.00', '0.00', '456.00', '65', '391.00', '391', '0.00', 3, 3, 1),
(89, '2019-09-02', 'TAJ', '012498', '123.00', '0.00', '123.00', '0', '123.00', '123', '0.00', 2, 3, 1),
(90, '2019-09-03', 'younus', '01783135348', '920.00', '0.00', '920.00', '0', '920.00', '920', '0.00', 2, 3, 1),
(91, '2019-09-03', 'guliugihho', '0126969874', '600.00', '0.00', '600.00', '0', '600.00', '600', '0', 0, 3, 1),
(92, '2019-09-04', 'ami', '0314568', '400.00', '0.00', '400.00', '0', '400.00', '400', '0.00', 2, 3, 1),
(93, '2019-09-06', 'hjk', '0178', '300.00', '0.00', '300.00', '0', '300.00', '300', '0.00', 2, 3, 1),
(94, '2019-09-07', 'y', '012', '240.00', '0.00', '240.00', '0', '240.00', '240', '0.00', 2, 3, 1),
(95, '2019-09-07', 'satter', '014', '7000.00', '0.00', '7000.00', '0', '7000.00', '7000', '0.00', 2, 3, 2),
(96, '2019-09-07', 'xy', '014', '700.00', '0.00', '700.00', '00', '700.00', '700', '0.00', 2, 3, 1),
(97, '2019-09-08', 'nm', '014', '5000.00', '0.00', '5000.00', '0', '5000.00', '5000', '0.00', 2, 3, 1),
(98, '2019-09-08', 'nmm', '012', '250.00', '0.00', '250.00', '0', '250.00', '250', '0.00', 2, 3, 1),
(99, '2019-09-08', 'mk', '014', '100.00', '0.00', '100.00', '0', '100.00', '100', '0.00', 2, 3, 1),
(100, '2019-09-08', 'xy', '014', '24000.00', '0.00', '24000.00', '0', '24000.00', '24000', '0.00', 2, 3, 1),
(101, '2019-09-08', 'kl', '014', '960.00', '0.00', '960.00', '0', '960.00', '960', '0.00', 2, 3, 1),
(102, '2019-09-08', 'vb', '0123', '392.00', '0.00', '392.00', '0', '392.00', '392', '0.00', 2, 3, 1),
(103, '2019-09-08', 'x', '0123456', '10000.00', '0.00', '10000.00', '1000', '9000.00', '9000', '0.00', 2, 3, 1),
(104, '2019-09-08', 'ghj', '0126', '12000.00', '0.00', '12000.00', '0', '12000.00', '12000', '0.00', 2, 3, 1),
(105, '2019-09-08', 'ghj', '0126', '12000.00', '0.00', '12000.00', '0', '12000.00', '12000', '0.00', 2, 3, 1),
(106, '2019-09-08', 'ami', '0123', '100.00', '0.00', '100.00', '0', '100.00', '100', '0.00', 2, 3, 1),
(107, '2019-09-08', 'amar', '01364', '5000.00', '0.00', '5000.00', '0', '5000.00', '5000', '0', 0, 3, 1),
(108, '2019-09-08', 'tajmul', '0178', '6000.00', '0.00', '6000.00', '0', '6000.00', '4500', '1500', 0, 2, 1),
(109, '2019-09-08', 'tarun', '0178', '2500.00', '0.00', '2500.00', '0', '2500.00', '2500', '0.00', 2, 3, 1),
(110, '2019-09-08', 'tarun', '0178', '1200.00', '0.00', '1200.00', '0', '1200.00', '450', '750.00', 2, 2, 1),
(111, '2019-09-08', 'xc', '012', '5000.00', '0.00', '5000.00', '500', '4500.00', '4000', '500.00', 2, 2, 1),
(112, '2019-09-09', 'jk', '021385822', '375300000.00', '0.00', '375300000.00', '0', '375300000.00', '3750000', '371550000.00', 2, 2, 1),
(113, '2019-09-08', 'robi', '017', '300.00', '0.00', '300.00', '0', '300.00', '215', '85', 0, 2, 1),
(114, '2019-09-02', 'toto', '014', '4170.00', '0.00', '4170.00', '0', '4170.00', '4170', '0.00', 2, 3, 1),
(115, '2019-09-09', 'test', '134', '300.00', '0.00', '300.00', '0', '300.00', '300', '0', 0, 3, 1),
(116, '2019-09-09', 'Rabbani', '018', '600.00', '0.00', '600.00', '0', '600.00', '600', '0.00', 2, 3, 1),
(117, '2019-09-09', 'mamun', '0178', '6000.00', '0.00', '6000.00', '500', '5500.00', '5500', '0.00', 2, 3, 1),
(118, '2019-09-09', 'samim vi ', '017896', '70000.00', '0.00', '70000.00', '1500', '68500.00', '68500', '0', 0, 3, 2),
(119, '2019-09-09', 'samim vi', '017456', '35000.00', '0.00', '35000.00', '2000', '33000.00', '33000', '0', 0, 3, 2),
(120, '2019-09-09', 'vip', '017823', '7000.00', '0.00', '7000.00', '1000', '6000.00', '5500', '500', 0, 2, 1),
(121, '2019-09-10', 'test', '0174', '270.00', '0.00', '270.00', '0', '270.00', '270', '0.00', 2, 3, 1),
(122, '2019-09-10', 'lol', '014', '30.00', '0.00', '30.00', '0', '30.00', '30', '0.00', 2, 3, 1),
(123, '2019-09-10', 'logo', '0178', '210.00', '0.00', '210.00', '0', '210.00', '210', '0.00', 2, 3, 1),
(124, '2019-09-11', 'awesome', '0178', '11.00', '0.00', '11.00', '0', '11.00', '11', '0.00', 2, 3, 1),
(125, '2019-09-10', 'bye', '014', '7.00', '0.00', '7.00', '0', '7.00', '7', '0.00', 2, 3, 1),
(126, '2019-09-10', 'Shamim vi', '01718371767', '10000.00', '0.00', '10000.00', '1000', '9000.00', '9000', '0.00', 2, 3, 1),
(127, '2019-09-10', 'Robiul Islam', '01783135348', '17000.00', '0.00', '17000.00', '1000', '16000.00', '16000', '0.00', 2, 3, 1),
(128, '2019-09-10', 'faltu', '209483754', '70000.00', '0.00', '70000.00', '0', '70000.00', '70000', '0.00', 2, 3, 1);

-- --------------------------------------------------------

--
-- Table structure for table `order_item`
--

CREATE TABLE `order_item` (
  `order_item_id` int(11) NOT NULL,
  `order_id` int(11) NOT NULL DEFAULT 0,
  `product_id` int(11) NOT NULL DEFAULT 0,
  `quantity` varchar(255) NOT NULL,
  `rate` varchar(255) NOT NULL,
  `total` varchar(255) NOT NULL,
  `order_item_status` int(11) NOT NULL DEFAULT 0
) ENGINE=InnoDB DEFAULT CHARSET=latin1;

--
-- Dumping data for table `order_item`
--

INSERT INTO `order_item` (`order_item_id`, `order_id`, `product_id`, `quantity`, `rate`, `total`, `order_item_status`) VALUES
(57, 50, 1, '1', '', '11.00', 1),
(58, 51, 1, '3', '112', '336.00', 2),
(59, 52, 1, '3', '11', '33.00', 2),
(60, 53, 1, '1', '100', '100.00', 1),
(61, 54, 1, '1', '16754', '16754.00', 1),
(62, 54, 9, '1', '340', '340.00', 1),
(63, 54, 28, '1', '789', '789.00', 1),
(64, 55, 18, '1', '678', '678.00', 1),
(65, 56, 12, '90', '56', '5040.00', 1),
(66, 56, 22, '1', '789', '789.00', 1),
(67, 56, 28, '1', '678', '678.00', 1),
(68, 57, 12, '90', '56', '5040.00', 1),
(69, 57, 22, '1', '789', '789.00', 1),
(70, 57, 28, '1', '678', '678.00', 1),
(71, 58, 12, '90', '56', '5040.00', 1),
(72, 58, 22, '1', '789', '789.00', 1),
(73, 58, 28, '1', '678', '678.00', 1),
(74, 59, 12, '90', '56', '5040.00', 1),
(75, 59, 22, '1', '789', '789.00', 1),
(76, 59, 28, '1', '678', '678.00', 1),
(77, 60, 12, '90', '56', '5040.00', 1),
(78, 60, 22, '1', '789', '789.00', 1),
(79, 60, 28, '1', '678', '678.00', 1),
(80, 61, 12, '90', '56', '5040.00', 1),
(81, 61, 22, '1', '789', '789.00', 1),
(82, 61, 28, '1', '678', '678.00', 1),
(83, 62, 12, '90', '56', '5040.00', 1),
(84, 62, 22, '1', '789', '789.00', 1),
(85, 62, 28, '1', '678', '678.00', 1),
(86, 63, 12, '90', '56', '5040.00', 1),
(87, 63, 22, '1', '789', '789.00', 1),
(88, 63, 28, '1', '678', '678.00', 1),
(89, 64, 18, '1', '789', '789.00', 1),
(90, 65, 1, '1', '2367', '2367.00', 1),
(91, 66, 3, '15', '123', '1845.00', 1),
(92, 67, 3, '15', '123', '1845.00', 1),
(93, 68, 3, '15', '123', '1845.00', 1),
(94, 69, 3, '15', '123', '1845.00', 1),
(95, 70, 3, '15', '123', '1845.00', 1),
(96, 71, 3, '15', '123', '1845.00', 1),
(97, 72, 3, '15', '123', '1845.00', 1),
(98, 73, 3, '15', '123', '1845.00', 1),
(99, 74, 10, '23', '123', '2829.00', 1),
(100, 75, 10, '23', '123', '2829.00', 1),
(101, 76, 2, '1', '', 'NaN', 1),
(102, 77, 2, '1', '123', '123.00', 1),
(103, 78, 20, '5', '130', '650.00', 1),
(104, 79, 2, '10', '130', '1300.00', 1),
(105, 80, 2, '10', '130', '1300.00', 1),
(106, 81, 2, '10', '130', '1300.00', 1),
(107, 82, 2, '10', '130', '1300.00', 1),
(108, 83, 2, '10', '130', '1300.00', 1),
(109, 84, 2, '10', '130', '1300.00', 1),
(110, 85, 2, '10', '130', '1300.00', 1),
(111, 86, 20, '20', '50', '1000.00', 1),
(112, 87, 22, '1', '2000', '2000.00', 1),
(113, 88, 21, '1', '456', '456.00', 1),
(114, 89, 22, '1', '123', '123.00', 1),
(115, 90, 1, '10', '30', '300.00', 1),
(116, 90, 4, '30', '20', '600.00', 1),
(117, 90, 5, '1', '20', '20.00', 1),
(118, 91, 21, '2', '300', '600.00', 1),
(119, 92, 5, '20', '20', '400.00', 1),
(120, 93, 27, '30', '10', '300.00', 1),
(121, 94, 10, '8', '30', '240.00', 1),
(122, 95, 31, '1', '7000', '7000.00', 2),
(123, 96, 31, '1', '700', '700.00', 1),
(124, 97, 1, '1', '5000', '5000.00', 1),
(125, 98, 1, '1', '250', '250.00', 1),
(126, 99, 50, '5', '20', '100.00', 1),
(127, 100, 51, '40', '600', '24000.00', 1),
(128, 101, 51, '960', '1', '960.00', 1),
(129, 102, 53, '56', '7', '392.00', 1),
(130, 103, 52, '1000', '10', '10000.00', 1),
(131, 104, 52, '1200', '10', '12000.00', 1),
(132, 105, 52, '1200', '10', '12000.00', 1),
(133, 106, 2, '10', '10', '100.00', 1),
(134, 107, 2, '1000', '5', '5000.00', 1),
(135, 108, 2, '2000', '3', '6000.00', 1),
(136, 109, 2, '500', '5', '2500.00', 1),
(137, 110, 2, '300', '4', '1200.00', 1),
(138, 111, 54, '500', '10', '5000.00', 1),
(139, 112, 52, '50000', '7500', '375000000.00', 1),
(140, 112, 52, '50000', '6', '300000.00', 1),
(141, 113, 2, '100', '3', '300.00', 1),
(142, 114, 2, '2085', '2', '4170.00', 1),
(143, 115, 2, '60', '5', '300.00', 1),
(144, 116, 2, '100', '6', '600.00', 1),
(145, 117, 2, '1000', '6', '6000.00', 1),
(146, 118, 2, '10000', '7', '70000.00', 2),
(147, 119, 55, '5000', '7', '35000.00', 2),
(148, 120, 52, '1000', '7', '7000.00', 1),
(149, 121, 52, '10', '5', '50.00', 1),
(150, 121, 52, '20', '5', '100.00', 1),
(151, 121, 55, '20', '6', '120.00', 1),
(152, 122, 52, '10', '3', '30.00', 1),
(153, 123, 52, '30', '7', '210.00', 1),
(154, 124, 55, '1', '5', '5.00', 1),
(155, 124, 55, '1', '4', '4.00', 1),
(156, 124, 52, '1', '2', '2.00', 1),
(157, 125, 52, '1', '2', '2.00', 1),
(158, 125, 52, '1', '2', '2.00', 1),
(159, 125, 52, '1', '3', '3.00', 1),
(160, 126, 52, '1000', '7', '7000.00', 1),
(161, 126, 55, '500', '6', '3000.00', 1),
(162, 127, 52, '1000', '7', '7000.00', 1),
(163, 127, 55, '2000', '5', '10000.00', 1),
(164, 128, 52, '10000', '7', '70000.00', 1);

-- --------------------------------------------------------

--
-- Table structure for table `product`
--

CREATE TABLE `product` (
  `product_id` int(11) NOT NULL,
  `product_name` varchar(255) DEFAULT NULL,
  `product_image` text NOT NULL,
  `brand_id` int(11) NOT NULL,
  `categories_id` int(11) NOT NULL,
  `quantity` varchar(255) NOT NULL,
  `rate` date NOT NULL,
  `rr` varchar(255) NOT NULL,
  `total` varchar(255) NOT NULL,
  `active` int(11) NOT NULL DEFAULT 0,
  `status` int(11) NOT NULL DEFAULT 0
) ENGINE=InnoDB DEFAULT CHARSET=latin1;

--
-- Dumping data for table `product`
--

INSERT INTO `product` (`product_id`, `product_name`, `product_image`, `brand_id`, `categories_id`, `quantity`, `rate`, `rr`, `total`, `active`, `status`) VALUES
(2, 'Second Class500', '../assests/images/stock/12717259635d764be316daf.jpg', 1, 2, '', '2019-09-08', '500', '0', 1, 2),
(52, 'First Class600 ', '../assests/images/stock/9969758825d74ce3485b13.jpg', 1, 3, '', '2019-09-08', '8', '0', 1, 2),
(55, 'secondclass456 ', '../assests/images/stock/12219038685d7664f70f145.jpg', 1, 2, '2478', '2019-09-09', '6', '14868', 1, 1);

-- --------------------------------------------------------

--
-- Table structure for table `record`
--

CREATE TABLE `record` (
  `date` date NOT NULL,
  `client_name` varchar(255) NOT NULL,
  `client_contact` varchar(255) NOT NULL,
  `total` varchar(255) NOT NULL,
  `paid` varchar(255) NOT NULL,
  `due` varchar(255) NOT NULL
) ENGINE=InnoDB DEFAULT CHARSET=latin1;

--
-- Dumping data for table `record`
--

INSERT INTO `record` (`date`, `client_name`, `client_contact`, `total`, `paid`, `due`) VALUES
('2017-10-23', '11', '11', '32.00', '11', '21.00'),
('2017-10-23', '11', '11', '33.00', '0', '33.00'),
('2017-10-23', 'shafiq', '01736507993', '264.00', '0', '264.00'),
('2017-10-23', 'shafiq', '01736507993', '264.00', '0', '264.00'),
('2017-10-23', 'shafiq', '01736507993', '131.00', '0', '131.00'),
('2017-10-23', 'shafiq', '01736507993', '131.00', '0', '131.00'),
('2017-10-23', 'shafiq', '01736507993', '131.00', '0', '131.00'),
('2017-10-23', 'shafiq', '01736507993', '131.00', '0', '131.00'),
('2017-10-23', 'ss', '01736507993', '100.00', '0', '100.00'),
('2017-10-23', '11', '11', '11.00', '1', '10.00'),
('2017-10-23', '11', '11', '10.00', '1', '9.00'),
('2017-10-23', 'qq', 'qq', '10.00', '1', '9.00'),
('2017-10-23', 'shafiq', '111', '336.00', '0', '336.00'),
('2017-10-23', 'a', '1', '32.00', '1', '31.00'),
('2017-10-23', 'q', 'q', '100.00', '12', '88.00'),
('2019-08-20', 'younus', '01783135348', '17283.00', '1234', '16049.00'),
('2019-08-20', 'younus', '01783135348', '17283.00', '1234', '16049.00'),
('2019-08-20', 'younus', '01783135348', '17283.00', '1234', '16049.00'),
('2019-08-18', 'tarun', '065568934', '678.00', '123', '555.00'),
('2019-08-19', 'yeakub', '063583457', '5829.00', '5678', '151.00'),
('2019-08-19', 'yeakub', '063583457', '5829.00', '5678', '151.00'),
('2019-08-19', 'yeakub', '063583457', '5829.00', '5678', '151.00'),
('2019-08-19', 'yeakub', '063583457', '5829.00', '5678', '151.00'),
('2019-08-19', 'yeakub', '063583457', '5829.00', '5678', '151.00'),
('2019-08-19', 'yeakub', '063583457', '5829.00', '5678', '151.00'),
('2019-08-19', 'yeakub', '063583457', '5829.00', '5678', '151.00'),
('2019-08-19', 'yeakub', '063583457', '5829.00', '5678', '151.00'),
('2019-08-19', 'yeakub', '063583457', '5829.00', '5678', '151.00'),
('2019-08-19', 'yeakub', '063583457', '5829.00', '5678', '151.00'),
('2019-08-19', 'yeakub', '063583457', '5829.00', '5678', '151.00'),
('2019-08-19', 'yeakub', '063583457', '5829.00', '5678', '151.00'),
('2019-08-19', 'yeakub', '063583457', '5829.00', '5678', '151.00'),
('2019-08-19', 'yeakub', '063583457', '5829.00', '5678', '151.00'),
('2019-08-19', 'yeakub', '063583457', '5829.00', '5678', '151.00'),
('2019-08-19', 'yeakub', '063583457', '5829.00', '5678', '151.00'),
('2019-08-19', 'yeakub', '063583457', '5829.00', '5678', '151.00'),
('2019-08-19', 'yeakub', '063583457', '5829.00', '5678', '151.00'),
('2019-08-19', 'yeakub', '063583457', '5829.00', '5678', '151.00'),
('2019-08-19', 'yeakub', '063583457', '5829.00', '5678', '151.00'),
('2019-08-19', 'yeakub', '063583457', '5829.00', '5678', '151.00'),
('2019-08-19', 'yeakub', '063583457', '5829.00', '5678', '151.00'),
('2019-08-19', 'yeakub', '063583457', '5829.00', '5678', '151.00'),
('2019-08-19', 'yeakub', '063583457', '5829.00', '5678', '151.00'),
('2019-08-19', 'yeakub', '098643', '722.00', '678', '44.00'),
('2019-08-20', 'xxxx', '01634898', '2367.00', '2000', '367.00'),
('2019-08-29', 'tarun', '0178342567', '1615.00', '789', '826.00'),
('2019-08-29', 'tarun', '0178342567', '1615.00', '789', '826.00'),
('2019-08-29', 'tarun', '0178342567', '1615.00', '789', '826.00'),
('2019-08-29', 'tarun', '0178342567', '1615.00', '789', '826.00'),
('2019-08-29', 'tarun', '0178342567', '1615.00', '789', '826.00'),
('2019-08-29', 'tarun', '0178342567', '1615.00', '789', '826.00'),
('2019-08-29', 'tarun', '0178342567', '1615.00', '789', '826.00'),
('2019-08-29', 'tarun', '0178342567', '1615.00', '789', '826.00'),
('2019-08-29', 'khh', '6579880', '2829.00', '2829', '0.00'),
('2019-08-29', 'khh', '6579880', '2829.00', '2829', '0.00'),
('2019-08-29', 'khh', '6579880', 'NaN', '2829', 'NaN'),
('2019-08-29', 'ggkjjhlk', '9088', '123.00', '123', '0.00'),
('2019-09-02', 'Tajmul ', '01783135348', '650.00', '650', '0.00'),
('2019-09-02', 'raihan', '01789135622', '1300.00', '1300', '0.00'),
('2019-09-02', 'raihan', '01789135622', '1300.00', '1300', '0.00'),
('2019-09-02', 'raihan', '01789135622', '1300.00', '1300', '0.00'),
('2019-09-02', 'raihan', '01789135622', '1300.00', '1300', '0.00'),
('2019-09-02', 'raihan', '01789135622', '1300.00', '1300', '0.00'),
('2019-09-02', 'raihan', '01789135622', '1300.00', '1300', '0.00'),
('2019-09-02', 'raihan', '01789135622', '1300.00', '1300', '0.00'),
('2019-09-02', 'atik', '01789215', '1000.00', '1000', '0.00'),
('2019-09-02', 'ggghg', '234566', '2000.00', '2000', '0.00'),
('2019-09-02', 'fdgh', '012+95', '391.00', '391', '0.00'),
('2019-09-02', 'TAJ', '012498', '123.00', '123', '0.00'),
('2019-09-03', 'younus', '01783135348', '920.00', '920', '0.00'),
('2019-09-03', 'younus', '01783135348', '920.00', '920', '0.00'),
('2019-09-03', 'younus', '01783135348', '920.00', '920', '0.00'),
('2019-09-03', 'guliugihho', '0126969874', '600.00', '300', '300.00'),
('2019-09-04', 'ami', '0314568', '400.00', '400', '0.00'),
('2019-09-06', 'hjk', '0178', '300.00', '300', '0.00'),
('2019-09-07', 'y', '012', '240.00', '240', '0.00'),
('2019-09-07', 'satter', '014', '7000.00', '7000', '0.00'),
('2019-09-07', 'xy', '014', '700.00', '700', '0.00'),
('2019-09-08', 'nm', '014', '5000.00', '5000', '0.00'),
('2019-09-08', 'nmm', '012', '250.00', '250', '0.00'),
('2019-09-08', 'mk', '014', '100.00', '100', '0.00'),
('2019-09-08', 'xy', '014', '24000.00', '24000', '0.00'),
('2019-09-08', 'kl', '014', '960.00', '960', '0.00'),
('2019-09-08', 'vb', '0123', '392.00', '392', '0.00'),
('2019-09-08', 'x', '0123456', '9000.00', '9000', '0.00'),
('2019-09-08', 'ghj', '0126', '12000.00', '12000', '0.00'),
('2019-09-08', 'ghj', '0126', '12000.00', '12000', '0.00'),
('2019-09-08', 'ami', '0123', '100.00', '100', '0.00'),
('2019-09-08', 'amar', '01364', '5000.00', '4500', '500.00'),
('2019-09-08', 'tajmul', '0178', '6000.00', '1500', '4500.00'),
('2019-09-08', 'tarun', '0178', '2500.00', '2500', '0.00'),
('2019-09-08', 'tarun', '0178', '1200.00', '450', '750.00'),
('2019-09-08', 'xc', '012', '4500.00', '4000', '500.00'),
('2019-09-09', 'jk', '021385822', '375300000.00', '3750000', '371550000.00'),
('2019-09-09', 'jk', '021385822', '375300000.00', '3750000', '371550000.00'),
('2019-09-08', 'robi', '017', '300.00', '200', '100.00'),
('2019-09-02', 'toto', '014', '4170.00', '4170', '0.00'),
('2019-09-09', 'test', '134', '300.00', '0', '300.00'),
('2019-09-09', 'Rabbani', '018', '600.00', '600', '0.00'),
('2019-09-09', 'mamun', '0178', '5500.00', '5500', '0.00'),
('2019-09-09', 'samim vi ', '017896', '68500.00', '68000', '500.00'),
('2019-09-09', 'samim vi', '017456', '33000.00', '30000', '3000.00'),
('2019-09-09', 'vip', '017823', '6000.00', '5000', '1000.00'),
('2019-09-10', 'test', '0174', '270.00', '270', '0.00'),
('2019-09-10', 'test', '0174', '270.00', '270', '0.00'),
('2019-09-10', 'test', '0174', '270.00', '270', '0.00'),
('2019-09-10', 'lol', '014', '30.00', '30', '0.00'),
('2019-09-10', 'logo', '0178', '210.00', '210', '0.00'),
('2019-09-11', 'awesome', '0178', '11.00', '11', '0.00'),
('2019-09-11', 'awesome', '0178', '11.00', '11', '0.00'),
('2019-09-11', 'awesome', '0178', '11.00', '11', '0.00'),
('2019-09-10', 'bye', '014', '7.00', '7', '0.00'),
('2019-09-10', 'bye', '014', '7.00', '7', '0.00'),
('2019-09-10', 'bye', '014', '7.00', '7', '0.00'),
('2019-09-10', 'Shamim vi', '01718371767', '9000.00', '9000', '0.00'),
('2019-09-10', 'Shamim vi', '01718371767', '9000.00', '9000', '0.00'),
('2019-09-10', 'Robiul Islam', '01783135348', '16000.00', '16000', '0.00'),
('2019-09-10', 'Robiul Islam', '01783135348', '16000.00', '16000', '0.00'),
('2019-09-10', 'faltu', '209483754', '70000.00', '70000', '0.00');

-- --------------------------------------------------------

--
-- Table structure for table `store`
--

CREATE TABLE `store` (
  `store_id` int(11) NOT NULL,
  `date` date NOT NULL,
  `brand_id` int(11) NOT NULL,
  `product_name` varchar(255) NOT NULL,
  `quantity` varchar(255) NOT NULL
) ENGINE=InnoDB DEFAULT CHARSET=latin1;

--
-- Dumping data for table `store`
--

INSERT INTO `store` (`store_id`, `date`, `brand_id`, `product_name`, `quantity`) VALUES
(1, '2019-09-02', 1, 'GW-Wall-Tiles- 8-12', '10'),
(2, '2017-09-30', 1, 'GW-Wall-Tiles-10-16', '10'),
(3, '2017-09-30', 1, 'GW-Wall-Tiles-12-24', '10'),
(4, '2017-09-30', 3, 'R-Tank-300', '20'),
(5, '2019-09-08', 1, 'First class 10000', '50000'),
(6, '2019-09-08', 1, 'First class 10000', '49998'),
(7, '2019-09-08', 1, 'First class 10000', '5000'),
(8, '2019-09-08', 1, 'First class 10000', '5000'),
(9, '2019-09-08', 1, 'Third Class', '500'),
(10, '2019-09-08', 1, 'Third Class', '100'),
(11, '2019-09-08', 1, 'First Class600 ', '100'),
(12, '2019-09-08', 1, 'First Class600 ', '300'),
(13, '2019-09-08', 1, 'First Class600 ', '1'),
(14, '2019-09-08', 1, 'Second Class500', '100'),
(15, '2019-09-08', 1, 'Second Class500', '10000'),
(16, '2019-09-08', 1, 'First Class600 ', '5000');

-- --------------------------------------------------------

--
-- Table structure for table `users`
--

CREATE TABLE `users` (
  `user_id` int(11) NOT NULL,
  `username` varchar(255) NOT NULL,
  `password` varchar(255) NOT NULL,
  `email` varchar(255) NOT NULL
) ENGINE=InnoDB DEFAULT CHARSET=latin1;

--
-- Dumping data for table `users`
--

INSERT INTO `users` (`user_id`, `username`, `password`, `email`) VALUES
(1, 'admin', 'admin', '');

--
-- Indexes for dumped tables
--

--
-- Indexes for table `brands`
--
ALTER TABLE `brands`
  ADD PRIMARY KEY (`brand_id`);

--
-- Indexes for table `categories`
--
ALTER TABLE `categories`
  ADD PRIMARY KEY (`categories_id`);

--
-- Indexes for table `credit`
--
ALTER TABLE `credit`
  ADD PRIMARY KEY (`credit_id`);

--
-- Indexes for table `debit`
--
ALTER TABLE `debit`
  ADD PRIMARY KEY (`debit_id`);

--
-- Indexes for table `employee`
--
ALTER TABLE `employee`
  ADD PRIMARY KEY (`id`);

--
-- Indexes for table `orders`
--
ALTER TABLE `orders`
  ADD PRIMARY KEY (`order_id`);

--
-- Indexes for table `order_item`
--
ALTER TABLE `order_item`
  ADD PRIMARY KEY (`order_item_id`);

--
-- Indexes for table `product`
--
ALTER TABLE `product`
  ADD PRIMARY KEY (`product_id`);

--
-- Indexes for table `store`
--
ALTER TABLE `store`
  ADD PRIMARY KEY (`store_id`);

--
-- Indexes for table `users`
--
ALTER TABLE `users`
  ADD PRIMARY KEY (`user_id`);

--
-- AUTO_INCREMENT for dumped tables
--

--
-- AUTO_INCREMENT for table `brands`
--
ALTER TABLE `brands`
  MODIFY `brand_id` int(11) NOT NULL AUTO_INCREMENT, AUTO_INCREMENT=12;

--
-- AUTO_INCREMENT for table `categories`
--
ALTER TABLE `categories`
  MODIFY `categories_id` int(11) NOT NULL AUTO_INCREMENT, AUTO_INCREMENT=27;

--
-- AUTO_INCREMENT for table `credit`
--
ALTER TABLE `credit`
  MODIFY `credit_id` int(11) NOT NULL AUTO_INCREMENT, AUTO_INCREMENT=83;

--
-- AUTO_INCREMENT for table `debit`
--
ALTER TABLE `debit`
  MODIFY `debit_id` int(11) NOT NULL AUTO_INCREMENT, AUTO_INCREMENT=13;

--
-- AUTO_INCREMENT for table `employee`
--
ALTER TABLE `employee`
  MODIFY `id` int(10) NOT NULL AUTO_INCREMENT, AUTO_INCREMENT=28;

--
-- AUTO_INCREMENT for table `orders`
--
ALTER TABLE `orders`
  MODIFY `order_id` int(11) NOT NULL AUTO_INCREMENT, AUTO_INCREMENT=129;

--
-- AUTO_INCREMENT for table `order_item`
--
ALTER TABLE `order_item`
  MODIFY `order_item_id` int(11) NOT NULL AUTO_INCREMENT, AUTO_INCREMENT=165;

--
-- AUTO_INCREMENT for table `product`
--
ALTER TABLE `product`
  MODIFY `product_id` int(11) NOT NULL AUTO_INCREMENT, AUTO_INCREMENT=56;

--
-- AUTO_INCREMENT for table `store`
--
ALTER TABLE `store`
  MODIFY `store_id` int(11) NOT NULL AUTO_INCREMENT, AUTO_INCREMENT=17;

--
-- AUTO_INCREMENT for table `users`
--
ALTER TABLE `users`
  MODIFY `user_id` int(11) NOT NULL AUTO_INCREMENT, AUTO_INCREMENT=2;
COMMIT;

/*!40101 SET CHARACTER_SET_CLIENT=@OLD_CHARACTER_SET_CLIENT */;
/*!40101 SET CHARACTER_SET_RESULTS=@OLD_CHARACTER_SET_RESULTS */;
/*!40101 SET COLLATION_CONNECTION=@OLD_COLLATION_CONNECTION */;
